{
  "project_info": {
    "project_number": "1012159624792",
    "firebase_url": "https://trainapp-5824e.firebaseio.com",
    "project_id": "trainapp-5824e",
    "storage_bucket": "trainapp-5824e.appspot.com"
  },
  "client": [
    {
      "client_info": {
        "mobilesdk_app_id": "1:1012159624792:android:ab8efc1c21122b1e",
        "android_client_info": {
          "package_name": "com.ruchira.train_ticket_exchange"
        }
      },
      "oauth_client": [
        {
          "client_id": "1012159624792-ft6fcf5oebf8k8mine61tph15ajd069d.apps.googleusercontent.com",
          "client_type": 3
        }
      ],
      "api_key": [
        {
          "current_key": "AIzaSyDRzWg2WyYmAS_FCUQoS6WRKgDOFfzA4VM"
        }
      ],
      "services": {
        "appinvite_service": {
          "other_platform_oauth_client": [
            {
              "client_id": "1012159624792-ft6fcf5oebf8k8mine61tph15ajd069d.apps.googleusercontent.com",
              "client_type": 3
            }
          ]
        }
      }
    }
  ],
  "configuration_version": "1"
}